Job Title,Company / Poster,Job Type,Source,URL
AWS DevOps Lead,"Global IT Solutions, Inc - Texas",N/A,LinkedIn,https://www.linkedin.com/jobs/view/aws-devops-lead-at-global-it-solutions-inc-texas-4334118203?position=1&pageNum=0&refId=%2FVxNnVnHJ088K6r9O4ZlIQ%3D%3D&trackingId=hzAGtXXV5FZzqnDF3gg5wA%3D%3D
Incident Manager,INSPYR Solutions,N/A,LinkedIn,https://www.linkedin.com/jobs/view/incident-manager-at-inspyr-solutions-4334099875?position=2&pageNum=0&refId=%2FVxNnVnHJ088K6r9O4ZlIQ%3D%3D&trackingId=U5krwCFw%2BOSxG8acIKYILA%3D%3D
DevOps Administrator,"Bespoke Technologies, Inc.",N/A,LinkedIn,https://www.linkedin.com/jobs/view/devops-administrator-at-bespoke-technologies-inc-4335050123?position=3&pageNum=0&refId=%2FVxNnVnHJ088K6r9O4ZlIQ%3D%3D&trackingId=q96L%2BF2xnNBVaZHz%2Bf%2FuRw%3D%3D
Data Center DevOps Specialist,Kforce Inc,N/A,LinkedIn,https://www.linkedin.com/jobs/view/data-center-devops-specialist-at-kforce-inc-4314835655?position=4&pageNum=0&refId=%2FVxNnVnHJ088K6r9O4ZlIQ%3D%3D&trackingId=1CebNG7Es5nlxlsvtH1lww%3D%3D
DevOps Engineer - Remote,"The Dignify Solutions, LLC",N/A,LinkedIn,https://www.linkedin.com/jobs/view/devops-engineer-remote-at-the-dignify-solutions-llc-4337994964?position=5&pageNum=0&refId=%2FVxNnVnHJ088K6r9O4ZlIQ%3D%3D&trackingId=o5bEjMBBsTJaQwYploefxQ%3D%3D
"IT Engineer, Infrastructure Systems",Asana,N/A,LinkedIn,https://www.linkedin.com/jobs/view/it-engineer-infrastructure-systems-at-asana-4337458816?position=6&pageNum=0&refId=%2FVxNnVnHJ088K6r9O4ZlIQ%3D%3D&trackingId=uQkfn6pzJe9Z3jmF6xpphA%3D%3D
DevOps Engineer I,Trustwell,N/A,LinkedIn,https://www.linkedin.com/jobs/view/devops-engineer-i-at-trustwell-4321600458?position=7&pageNum=0&refId=%2FVxNnVnHJ088K6r9O4ZlIQ%3D%3D&trackingId=mKkEIqcNja%2Fs1MqUc9ANFw%3D%3D
Python/Django Developer,Saransh Inc,N/A,LinkedIn,https://www.linkedin.com/jobs/view/python-django-developer-at-saransh-inc-4334127116?position=8&pageNum=0&refId=%2FVxNnVnHJ088K6r9O4ZlIQ%3D%3D&trackingId=qrJhPdaENAFxDZcoU47qwA%3D%3D
DevOps / Release Management Intern (IT),Michigan Farm Bureau Family of Companies,N/A,LinkedIn,https://www.linkedin.com/jobs/view/devops-release-management-intern-it-at-michigan-farm-bureau-family-of-companies-4338032195?position=9&pageNum=0&refId=%2FVxNnVnHJ088K6r9O4ZlIQ%3D%3D&trackingId=ESUQKDaZTpjnSxrAR%2BWdIQ%3D%3D
DevOps and Infrastructure Co-op,Bose Corporation,N/A,LinkedIn,https://www.linkedin.com/jobs/view/devops-and-infrastructure-co-op-at-bose-corporation-4337809430?position=10&pageNum=0&refId=%2FVxNnVnHJ088K6r9O4ZlIQ%3D%3D&trackingId=yR%2B3B2PioN4z37f9l4Ytqg%3D%3D
DevOps Specialist,EPITEC,N/A,LinkedIn,https://www.linkedin.com/jobs/view/devops-specialist-at-epitec-4321300674?position=11&pageNum=0&refId=%2FVxNnVnHJ088K6r9O4ZlIQ%3D%3D&trackingId=K8IycYB%2BylOEiFzLQbNOIw%3D%3D
Head of DevOps/Cloud Infrastructure,Eleven Recruiting,N/A,LinkedIn,https://www.linkedin.com/jobs/view/head-of-devops-cloud-infrastructure-at-eleven-recruiting-4320936178?position=12&pageNum=0&refId=%2FVxNnVnHJ088K6r9O4ZlIQ%3D%3D&trackingId=TfdP5jW6rk3wJXnQwyQLpQ%3D%3D
DevOps Intern,SWIVEL,N/A,LinkedIn,https://www.linkedin.com/jobs/view/devops-intern-at-swivel-4315339341?position=13&pageNum=0&refId=%2FVxNnVnHJ088K6r9O4ZlIQ%3D%3D&trackingId=aeIVzYY5YHN82bv8%2BeczIQ%3D%3D
DevOps Engineer,"Vitalacy, Inc.",N/A,LinkedIn,https://www.linkedin.com/jobs/view/devops-engineer-at-vitalacy-inc-4321021347?position=14&pageNum=0&refId=%2FVxNnVnHJ088K6r9O4ZlIQ%3D%3D&trackingId=byDLewN253wcMoIbnd%2BUTQ%3D%3D
DevOps Engineer,IQGeo,N/A,LinkedIn,https://www.linkedin.com/jobs/view/devops-engineer-at-iqgeo-4334509092?position=15&pageNum=0&refId=%2FVxNnVnHJ088K6r9O4ZlIQ%3D%3D&trackingId=AKTc3SQ2rCuM5POY24WARA%3D%3D
DevOps Engineer,LTIMindtree,N/A,LinkedIn,https://www.linkedin.com/jobs/view/devops-engineer-at-ltimindtree-4320774352?position=16&pageNum=0&refId=%2FVxNnVnHJ088K6r9O4ZlIQ%3D%3D&trackingId=8TRN5WK4fUtUfgMVXlyUtw%3D%3D
Entry DevOps Engineer,Apt,N/A,LinkedIn,https://www.linkedin.com/jobs/view/entry-devops-engineer-at-apt-4335030324?position=17&pageNum=0&refId=%2FVxNnVnHJ088K6r9O4ZlIQ%3D%3D&trackingId=y4wVtylAXztK9bY6BEcu4Q%3D%3D
DevOps Engineer,Sims Metal,N/A,LinkedIn,https://www.linkedin.com/jobs/view/devops-engineer-at-sims-metal-4334669426?position=18&pageNum=0&refId=%2FVxNnVnHJ088K6r9O4ZlIQ%3D%3D&trackingId=AQH1f5HXLfb3qQrWMuLd2A%3D%3D
DevOps Lead,Prestige Staffing,N/A,LinkedIn,https://www.linkedin.com/jobs/view/devops-lead-at-prestige-staffing-4331458994?position=19&pageNum=0&refId=%2FVxNnVnHJ088K6r9O4ZlIQ%3D%3D&trackingId=yD59F6DfA2Ua9hRatkFD2w%3D%3D
DevOps Engineer,Bamboo Insurance,N/A,LinkedIn,https://www.linkedin.com/jobs/view/devops-engineer-at-bamboo-insurance-4295733476?position=20&pageNum=0&refId=%2FVxNnVnHJ088K6r9O4ZlIQ%3D%3D&trackingId=KPf2qreZFcsGmDk%2FwTAdLg%3D%3D
DevOps Engineer,Experian,N/A,LinkedIn,https://www.linkedin.com/jobs/view/devops-engineer-at-experian-4334752290?position=21&pageNum=0&refId=%2FVxNnVnHJ088K6r9O4ZlIQ%3D%3D&trackingId=mj3DlnVFtvI75ESLZc8sGw%3D%3D
DevOps Engineer,Experian,N/A,LinkedIn,https://www.linkedin.com/jobs/view/devops-engineer-at-experian-4334802268?position=22&pageNum=0&refId=%2FVxNnVnHJ088K6r9O4ZlIQ%3D%3D&trackingId=mtIz%2BRmHRa5sWdwAIRj0fw%3D%3D
AWS Cloud Engineer,LightFeather,N/A,LinkedIn,https://www.linkedin.com/jobs/view/aws-cloud-engineer-at-lightfeather-4335030037?position=23&pageNum=0&refId=%2FVxNnVnHJ088K6r9O4ZlIQ%3D%3D&trackingId=0tzWu%2FCX4hgvzKSFqdgZog%3D%3D
Junior DevOps Engineer,"Riot Platforms, Inc.",N/A,LinkedIn,https://www.linkedin.com/jobs/view/junior-devops-engineer-at-riot-platforms-inc-4335042581?position=24&pageNum=0&refId=%2FVxNnVnHJ088K6r9O4ZlIQ%3D%3D&trackingId=F%2BvPgUMFPaQGshZoabbVZw%3D%3D
Software Engineer 1,Intuit,N/A,LinkedIn,https://www.linkedin.com/jobs/view/software-engineer-1-at-intuit-4333948404?position=25&pageNum=0&refId=%2FVxNnVnHJ088K6r9O4ZlIQ%3D%3D&trackingId=aEktJv6wXzXkVot5YI%2FF4A%3D%3D
Senior DevOps Engineer,UltraViolet Cyber,N/A,LinkedIn,https://www.linkedin.com/jobs/view/senior-devops-engineer-at-ultraviolet-cyber-4334368511?position=26&pageNum=0&refId=%2FVxNnVnHJ088K6r9O4ZlIQ%3D%3D&trackingId=tAUhueoJd5gMiRqFzfleZg%3D%3D
DevOps Manager,Jobot,N/A,LinkedIn,https://www.linkedin.com/jobs/view/devops-manager-at-jobot-4337397196?position=27&pageNum=0&refId=%2FVxNnVnHJ088K6r9O4ZlIQ%3D%3D&trackingId=66cZokLisju%2BVixFa1wT4A%3D%3D
DevOps Engineer,TrekAI,N/A,LinkedIn,https://www.linkedin.com/jobs/view/devops-engineer-at-trekai-4334383354?position=28&pageNum=0&refId=%2FVxNnVnHJ088K6r9O4ZlIQ%3D%3D&trackingId=wY7CyU4lSFhlTPmwq%2Fjwvg%3D%3D
Site Reliability Engineer (SRE),LightFeather,N/A,LinkedIn,https://www.linkedin.com/jobs/view/site-reliability-engineer-sre-at-lightfeather-4335100218?position=29&pageNum=0&refId=%2FVxNnVnHJ088K6r9O4ZlIQ%3D%3D&trackingId=cjyzbHi73Qm6WBWZHcSauQ%3D%3D
Intern DevOps Engineer,CHEQUESPREAD PLC,N/A,LinkedIn,https://www.linkedin.com/jobs/view/intern-devops-engineer-at-chequespread-plc-4334724182?position=30&pageNum=0&refId=%2FVxNnVnHJ088K6r9O4ZlIQ%3D%3D&trackingId=6dd8tYVirSomSpxdYuK3gg%3D%3D
DevOps Engineer,SAN R&D Business Solutions,N/A,LinkedIn,https://www.linkedin.com/jobs/view/devops-engineer-at-san-r-d-business-solutions-4321094276?position=31&pageNum=0&refId=%2FVxNnVnHJ088K6r9O4ZlIQ%3D%3D&trackingId=SXtQGPb58ms5vUDoORRqJA%3D%3D
DevOps Specialist,EPITEC,N/A,LinkedIn,https://www.linkedin.com/jobs/view/devops-specialist-at-epitec-4321122515?position=32&pageNum=0&refId=%2FVxNnVnHJ088K6r9O4ZlIQ%3D%3D&trackingId=dqsRar4RO2v1sHp9SeFGCA%3D%3D
Cloud Engineer (DevOps),Experian,N/A,LinkedIn,https://www.linkedin.com/jobs/view/cloud-engineer-devops-at-experian-4334822069?position=33&pageNum=0&refId=%2FVxNnVnHJ088K6r9O4ZlIQ%3D%3D&trackingId=4oQBXysgtQmS2FYhyxpCZQ%3D%3D
DevOps Engineer,Bloomerang,N/A,LinkedIn,https://www.linkedin.com/jobs/view/devops-engineer-at-bloomerang-4334900990?position=34&pageNum=0&refId=%2FVxNnVnHJ088K6r9O4ZlIQ%3D%3D&trackingId=cp1vQV%2Fy5bDPD1LeECpYgg%3D%3D
"Site Reliability Engineer L5, CORE",Netflix,N/A,LinkedIn,https://www.linkedin.com/jobs/view/site-reliability-engineer-l5-core-at-netflix-4337949523?position=35&pageNum=0&refId=%2FVxNnVnHJ088K6r9O4ZlIQ%3D%3D&trackingId=brnMQeoPRQE0oqtZdK91lg%3D%3D
DevOps Engineer,"The Swift Group, LLC",N/A,LinkedIn,https://www.linkedin.com/jobs/view/devops-engineer-at-the-swift-group-llc-4334303386?position=36&pageNum=0&refId=%2FVxNnVnHJ088K6r9O4ZlIQ%3D%3D&trackingId=WxCOcfN6MacbZUBQ%2Bm0TWw%3D%3D
DevSecOps Engineer,LightFeather,N/A,LinkedIn,https://www.linkedin.com/jobs/view/devsecops-engineer-at-lightfeather-4334849443?position=37&pageNum=0&refId=%2FVxNnVnHJ088K6r9O4ZlIQ%3D%3D&trackingId=W3iqwpnA6OAzz7XldZgiCQ%3D%3D
DevOps Engineer (Remote Opportunity),VetsEZ,N/A,LinkedIn,https://www.linkedin.com/jobs/view/devops-engineer-remote-opportunity-at-vetsez-4321073615?position=38&pageNum=0&refId=%2FVxNnVnHJ088K6r9O4ZlIQ%3D%3D&trackingId=1spDHRtdKsgqjulmORMWLQ%3D%3D
DevOps Intern,SWBC,N/A,LinkedIn,https://www.linkedin.com/jobs/view/devops-intern-at-swbc-4315025615?position=39&pageNum=0&refId=%2FVxNnVnHJ088K6r9O4ZlIQ%3D%3D&trackingId=pVm6%2BsPRCGTCuN42Bf2e8w%3D%3D
Entry-Level DevOps Engineer (Virtual),Boeing,N/A,LinkedIn,https://www.linkedin.com/jobs/view/entry-level-devops-engineer-virtual-at-boeing-4337980341?position=40&pageNum=0&refId=%2FVxNnVnHJ088K6r9O4ZlIQ%3D%3D&trackingId=zmjjG21kIDxMbK64%2BL8Mog%3D%3D
Lead DevOps Engineer,Valkyrie,N/A,LinkedIn,https://www.linkedin.com/jobs/view/lead-devops-engineer-at-valkyrie-4334474508?position=41&pageNum=0&refId=%2FVxNnVnHJ088K6r9O4ZlIQ%3D%3D&trackingId=thuSmOKeyzjATQQEIjL%2BHw%3D%3D
Cloud Engineer,LightFeather,N/A,LinkedIn,https://www.linkedin.com/jobs/view/cloud-engineer-at-lightfeather-4334819990?position=42&pageNum=0&refId=%2FVxNnVnHJ088K6r9O4ZlIQ%3D%3D&trackingId=li5doEv29E1ufiPgWg554A%3D%3D
Senior DevOps Engineer,Saviynt,N/A,LinkedIn,https://www.linkedin.com/jobs/view/senior-devops-engineer-at-saviynt-4305151205?position=43&pageNum=0&refId=%2FVxNnVnHJ088K6r9O4ZlIQ%3D%3D&trackingId=xEr1OqFAOOQrDFKnG3w%2BaQ%3D%3D
DevOps Engineer (Remote - US),Jobgether,N/A,LinkedIn,https://www.linkedin.com/jobs/view/devops-engineer-remote-us-at-jobgether-4334484871?position=44&pageNum=0&refId=%2FVxNnVnHJ088K6r9O4ZlIQ%3D%3D&trackingId=kyiPOtak3uyBALqecLcc5g%3D%3D
DevOps Engineer,Hazel Health,N/A,LinkedIn,https://www.linkedin.com/jobs/view/devops-engineer-at-hazel-health-4338024939?position=45&pageNum=0&refId=%2FVxNnVnHJ088K6r9O4ZlIQ%3D%3D&trackingId=NxWLQD7%2FM6ifkMX5lChsKQ%3D%3D
DevOps Engineer,HCLTech,N/A,LinkedIn,https://www.linkedin.com/jobs/view/devops-engineer-at-hcltech-4338164487?position=46&pageNum=0&refId=%2FVxNnVnHJ088K6r9O4ZlIQ%3D%3D&trackingId=aQUl7h63SMvJRRv95jDl2w%3D%3D
Data Engineer,BridgeView,N/A,LinkedIn,https://www.linkedin.com/jobs/view/data-engineer-at-bridgeview-4333939089?position=47&pageNum=0&refId=%2FVxNnVnHJ088K6r9O4ZlIQ%3D%3D&trackingId=35nxP%2B6uXoydofW%2FQT3CFQ%3D%3D
AWS Engineer,Zone IT Solutions,N/A,LinkedIn,https://www.linkedin.com/jobs/view/aws-engineer-at-zone-it-solutions-4334087880?position=48&pageNum=0&refId=%2FVxNnVnHJ088K6r9O4ZlIQ%3D%3D&trackingId=aHEFve%2FnhqMlRTb1%2BWeQ2w%3D%3D
GCP Cloud/DevOps Engineer,LightFeather,N/A,LinkedIn,https://www.linkedin.com/jobs/view/gcp-cloud-devops-engineer-at-lightfeather-4335040072?position=49&pageNum=0&refId=%2FVxNnVnHJ088K6r9O4ZlIQ%3D%3D&trackingId=XdvHeNJxVPcmi7jbTlB6yQ%3D%3D
DevOps Engineer (4965),MetroStar,N/A,LinkedIn,https://www.linkedin.com/jobs/view/devops-engineer-4965-at-metrostar-4337904012?position=50&pageNum=0&refId=%2FVxNnVnHJ088K6r9O4ZlIQ%3D%3D&trackingId=1wx2VHBKEyzQs3F9swZoLg%3D%3D
DevOps Lead,StraighterLine,N/A,LinkedIn,https://www.linkedin.com/jobs/view/devops-lead-at-straighterline-4334283355?position=51&pageNum=0&refId=%2FVxNnVnHJ088K6r9O4ZlIQ%3D%3D&trackingId=aTJ%2FLlvlymkXb1CWd2fTKQ%3D%3D
Junior Software Engineer HPC/Linux,Synergy ECP,N/A,LinkedIn,https://www.linkedin.com/jobs/view/junior-software-engineer-hpc-linux-at-synergy-ecp-4334160423?position=52&pageNum=0&refId=%2FVxNnVnHJ088K6r9O4ZlIQ%3D%3D&trackingId=UdyBXsQW5MwLg1ic%2FQKhHA%3D%3D
DevOps QA Associate 2- Azure,Duquesne Light Company,N/A,LinkedIn,https://www.linkedin.com/jobs/view/devops-qa-associate-2-azure-at-duquesne-light-company-4321112640?position=53&pageNum=0&refId=%2FVxNnVnHJ088K6r9O4ZlIQ%3D%3D&trackingId=nUerj12od4Qw1uXppS6Q8g%3D%3D
Cloud DevOps Administrator Expert,3i People,N/A,LinkedIn,https://www.linkedin.com/jobs/view/cloud-devops-administrator-expert-at-3i-people-4320723559?position=54&pageNum=0&refId=%2FVxNnVnHJ088K6r9O4ZlIQ%3D%3D&trackingId=2sBGvntZ%2Burp3sBw90%2BepQ%3D%3D
DevOps Engineer Senior,City National Bank of Florida,N/A,LinkedIn,https://www.linkedin.com/jobs/view/devops-engineer-senior-at-city-national-bank-of-florida-4304313359?position=55&pageNum=0&refId=%2FVxNnVnHJ088K6r9O4ZlIQ%3D%3D&trackingId=4%2FRBz%2F0Mnmg%2FFJCsFfW2UA%3D%3D
DevOps Engineer,EVONA,N/A,LinkedIn,https://www.linkedin.com/jobs/view/devops-engineer-at-evona-4320894567?position=56&pageNum=0&refId=%2FVxNnVnHJ088K6r9O4ZlIQ%3D%3D&trackingId=uf7fH34zVblev0nUAlAtvA%3D%3D
DevOps Engineer (Remote - US),Jobgether,N/A,LinkedIn,https://www.linkedin.com/jobs/view/devops-engineer-remote-us-at-jobgether-4337447195?position=57&pageNum=0&refId=%2FVxNnVnHJ088K6r9O4ZlIQ%3D%3D&trackingId=k5ijxDF6W0kjmncOgY5yag%3D%3D
"Vice President, Cloud - Remote",PayNearMe,N/A,LinkedIn,https://www.linkedin.com/jobs/view/vice-president-cloud-remote-at-paynearme-4335060204?position=58&pageNum=0&refId=%2FVxNnVnHJ088K6r9O4ZlIQ%3D%3D&trackingId=m972B3zmy0WWlR9H6FSMNA%3D%3D
DevOps Engineer,Connective Talent,N/A,LinkedIn,https://www.linkedin.com/jobs/view/devops-engineer-at-connective-talent-4320655066?position=59&pageNum=0&refId=%2FVxNnVnHJ088K6r9O4ZlIQ%3D%3D&trackingId=Mshpeu77v0DK5tx92izNrQ%3D%3D
"[Hiring] [Remote] - 6 Full Remote jobs at tech companies - Nov 08, 2025",rdutel,N/A,Reddit,https://reddit.com/r/remotivejobs/comments/1ory6ff/hiring_remote_6_full_remote_jobs_at_tech/
[HIRING] Job Title: Python Coding Expert (Remote),ZenixtheGreat,N/A,Reddit,https://reddit.com/r/DeveloperJobs/comments/1orv84m/hiring_job_title_python_coding_expert_remote/
"[Hiring] [Remote] - 17 Full Remote jobs at tech companies - Nov 08, 2025",rdutel,N/A,Reddit,https://reddit.com/r/remotivejobs/comments/1orv5sb/hiring_remote_17_full_remote_jobs_at_tech/
[HIRING] Job Title: Exceptional Software Engineers (Coding Agent Experience),ZenixtheGreat,N/A,Reddit,https://reddit.com/r/DeveloperJobs/comments/1orv56q/hiring_job_title_exceptional_software_engineers/
Hiring: Senior DevOps Engineer - Commerce Hub at Fiserv,josylad,N/A,Reddit,https://reddit.com/r/RedditJobBoard/comments/1oruiy5/hiring_senior_devops_engineer_commerce_hub_at/
How to measure the value and initial/future of tests?,mpanase,N/A,Reddit,https://reddit.com/r/ExperiencedDevs/comments/1ortuee/how_to_measure_the_value_and_initialfuture_of/
Seeking DevOps Job with 4 years exp,Responsible_Two6654,N/A,Reddit,https://reddit.com/r/devopsjobs/comments/1orrmuy/seeking_devops_job_with_4_years_exp/
Vreau sÄƒ trec pe DevOps È™i am nevoie de niÈ™te sfaturi din partea unor profesioniÈ™ti din domeniu,StilgarTF,N/A,Reddit,https://reddit.com/r/programare/comments/1orqwuq/vreau_sÄƒ_trec_pe_devops_È™i_am_nevoie_de_niÈ™te/
Will this HR Management System project help me get hired?,Extension_Sector_320,N/A,Reddit,https://reddit.com/r/jobsearchhacks/comments/1orq68c/will_this_hr_management_system_project_help_me/
Will this HR Management System project help me get hired?,Extension_Sector_320,N/A,Reddit,https://reddit.com/r/FresherTechJobsIndia/comments/1orq501/will_this_hr_management_system_project_help_me/
Can I do Devops?,totalFail2013,N/A,Reddit,https://reddit.com/r/devopsjobs/comments/1orni4p/can_i_do_devops/
What job titles match me?,totalFail2013,N/A,Reddit,https://reddit.com/r/careerguidance/comments/1ornfh3/what_job_titles_match_me/
What I should do to get a job in tech?,anonuser-al,N/A,Reddit,https://reddit.com/r/careerguidance/comments/1ork4li/what_i_should_do_to_get_a_job_in_tech/
ðŸ“¢ Experlogix is [hiring] a Principal Devops Engineer/architect!,rrmdp,N/A,Reddit,https://reddit.com/r/jobboardsearch/comments/1orj3bg/experlogix_is_hiring_a_principal_devops/
[HIRING] a Senior Fullstack Software Engineer! in Jobgether,rrmdp,N/A,Reddit,https://reddit.com/r/jobboardsearch/comments/1orj2rz/hiring_a_senior_fullstack_software_engineer_in/
[HIRING] a Qa Automation Engineer! in Orion Innovation,rrmdp,N/A,Reddit,https://reddit.com/r/jobboardsearch/comments/1orj0ne/hiring_a_qa_automation_engineer_in_orion/
[HIRING] a Staff Software Engineer! in Hybrid,rrmdp,N/A,Reddit,https://reddit.com/r/jobboardsearch/comments/1oriy6z/hiring_a_staff_software_engineer_in_hybrid/
"[HIRING] a (usa) Senior Manager, Software Engineering! in Walmart",rrmdp,N/A,Reddit,https://reddit.com/r/jobboardsearch/comments/1orixb2/hiring_a_usa_senior_manager_software_engineering/
[HIRING] a Senior Devops Engineer! in Orion Innovation,rrmdp,N/A,Reddit,https://reddit.com/r/jobboardsearch/comments/1oriwnu/hiring_a_senior_devops_engineer_in_orion/
ðŸ“¢ Modernization &amp; Application Development is [hiring] a Software Engineering Senior Manager!,rrmdp,N/A,Reddit,https://reddit.com/r/jobboardsearch/comments/1orivnx/modernization_application_development_is_hiring_a/
[HIRING] a Full Stack Senior Software Developer! in Fusion Worldwide,rrmdp,N/A,Reddit,https://reddit.com/r/jobboardsearch/comments/1orinwo/hiring_a_full_stack_senior_software_developer_in/
Qashio is hiring a Senior DevOps Engineer,samotsar,N/A,Reddit,https://reddit.com/r/jobsdubai/comments/1orh2xm/qashio_is_hiring_a_senior_devops_engineer/
"Mentor Needed: Databricks End-to-End + CI/CD for Data Engineering â€“ 5 hrs/week (Paid, 1 Month)",Patient-Diamond-7980,N/A,Reddit,https://reddit.com/r/hyderabad/comments/1orfqd9/mentor_needed_databricks_endtoend_cicd_for_data/
"Fresher from BSc (Computer Science, Electronics, mathematics) trying to get into Linux Admin or DevOps am I being crazy?",Neat_Golf5031,N/A,Reddit,https://reddit.com/r/redhat/comments/1ordopv/fresher_from_bsc_computer_science_electronics/
"[Hiring] [Remote] - 14 Full Remote jobs at tech companies - Nov 07, 2025",rdutel,N/A,Reddit,https://reddit.com/r/remotivejobs/comments/1or9syj/hiring_remote_14_full_remote_jobs_at_tech/
Software Engineer Generalist Devops,Aztec,Remote,RemoteOK,https://remoteOK.com/remote-jobs/remote-software-engineer-generalist-devops-aztec-1128832
